exchange,volume
binance,29600842690.4826
coinbase,3411640474.2035418
kraken,1233334640.462335
kucoin,954329465.0040737
bitstamp,328232875.1013078
gemini,72902649.13927862
bittrex,48930316.23178578
